{"cameraMode":{"drawMode":0,"name":"Shaded","section":"Shading Mode"},"sceneLighting":false,"audioPlay":false,"sceneViewState":{"showFog":true,"showMaterialUpdate":false,"showSkybox":false,"showFlares":true,"showImageEffects":true,"showParticleSystems":true},"in2DMode":false,"pivot":{"x":165.4416046142578,"y":87.71908569335938,"z":8.150588989257813},"rotation":{"x":0.2347121387720108,"y":0.11053355038166046,"z":-0.02687418833374977,"w":0.9653880000114441},"size":262.0034484863281,"orthographic":false}