{"cameraMode":{"drawMode":0,"name":"Shaded","section":"Shading Mode"},"sceneLighting":false,"audioPlay":false,"sceneViewState":{"showFog":true,"showMaterialUpdate":false,"showSkybox":false,"showFlares":true,"showImageEffects":true,"showParticleSystems":true},"in2DMode":false,"pivot":{"x":-0.03050069510936737,"y":0.22290468215942384,"z":-0.7944912910461426},"rotation":{"x":0.33818748593330386,"y":-0.007057997398078442,"z":0.002536430489271879,"w":0.9410492777824402},"size":6.529075622558594,"orthographic":false}